line_pressure,0.0
mixing_chamber_pressure,31.84658064516129
gas_sensor_1,0.1698709677419355
gas_sensor_2,0.1827741935483871
