line_pressure,0.0
mixing_chamber_pressure,32.08178618662748
gas_sensor_1,0.1721271124173402
gas_sensor_2,0.18496620132255695
